target_gene,n_cells_used,n_cells_avail,n_sig,median_abs_lfc,mode,gate
ACLY,400,1026,1037,0.08480945867800065,downsampled,10779
ANXA6,400,2496,2,0.050966365400223965,downsampled,10779
ARPC2,400,980,247,0.06525719848878517,downsampled,10779
CENPB,400,1379,1,0.05086488266949003,downsampled,10779
COX4I1,400,1058,171,0.06241155022490742,downsampled,10779
COX6C,400,1025,383,0.06988346171651193,downsampled,10779
CSK,400,1572,206,0.062354497773937305,downsampled,10779
CTSV,400,1989,56,0.056711556980887035,downsampled,10779
CXCL12,400,1201,4,0.051317382775037675,downsampled,10779
DOT1L,400,1484,4139,0.14141958577171274,downsampled,10779
DPH2,400,670,3861,0.1439695826611115,downsampled,10779
EHMT1,400,1601,1658,0.0889433925035413,downsampled,10779
EIF3H,323,323,4830,0.1889127525067152,downsampled,10779
FUBP1,288,288,2490,0.12693754846161664,downsampled,10779
GNG12,400,677,585,0.07461660695161214,downsampled,10779
GSTZ1,400,1077,2,0.05143180423235636,downsampled,10779
HDAC3,400,504,3441,0.1300671235010808,downsampled,10779
HDAC8,400,1204,53,0.05872763720308466,downsampled,10779
HMGCR,400,843,302,0.06579881832588629,downsampled,10779
HMGXB4,400,1594,6,0.05519904898589364,downsampled,10779
HTATSF1,400,892,2093,0.10472285379707584,downsampled,10779
IGF1R,400,2056,196,0.0646498632782532,downsampled,10779
ITGAV,400,2034,2,0.05136530156922427,downsampled,10779
JAZF1,400,709,285,0.06371508087632191,downsampled,10779
JMJD8,400,767,7,0.052470835194261406,downsampled,10779
KLHDC2,400,1763,7,0.053494434073234405,downsampled,10779
KRT18,400,1602,4,0.05046420954615425,downsampled,10779
MAT2A,400,1428,5,0.0525049620492333,downsampled,10779
MAX,161,161,5398,0.2994761663517274,downsampled,10779
MGST1,400,2096,50,0.056673117194606736,downsampled,10779
MTFR1,400,1787,7,0.05087577895319873,downsampled,10779
NFE2L1,400,926,97,0.06028148895436669,downsampled,10779
PACSIN3,400,2101,14,0.054095169303816096,downsampled,10779
PAXIP1,400,1644,3200,0.12095380469778436,downsampled,10779
PPP2R3C,400,624,2323,0.10825003656059898,downsampled,10779
SH3BP4,400,2925,4,0.051102003074389134,downsampled,10779
SLIRP,400,2000,259,0.06565701706154321,downsampled,10779
SMARCB1,400,1706,2787,0.11203683350229819,downsampled,10779
SMARCE1,400,597,3914,0.13553890126860163,downsampled,10779
STRAP,400,644,4681,0.1644050066470507,downsampled,10779
SUPV3L1,339,339,2449,0.1213190844255496,downsampled,10779
TCF7L2,400,484,298,0.06283712691561875,downsampled,10779
THY1,400,1104,6,0.05204068321992657,downsampled,10779
TUSC3,400,1287,4,0.04962301176367606,downsampled,10779
UQCRB,400,959,582,0.07445914290868173,downsampled,10779
USF2,400,1207,4721,0.16384991198898557,downsampled,10779
VCL,400,894,69,0.05886631057197973,downsampled,10779
WAC,267,267,4052,0.1839263298470927,downsampled,10779
ZNF581,400,2502,15,0.053692032147314564,downsampled,10779
ZNF598,255,255,319,0.07988835141234665,downsampled,10779
ACLY,1026,1026,4828,0.0676469097766828,native,10780
ANXA6,2496,2496,5,0.014066223166544089,native,10780
ARPC2,980,980,1976,0.04164999098369086,native,10780
CENPB,1379,1379,6,0.018539523096689325,native,10780
COX4I1,1058,1058,1908,0.040721429822425395,native,10780
COX6C,1025,1025,3107,0.05133060125149762,native,10780
CSK,1572,1572,2189,0.03389786461457922,native,10780
CTSV,1989,1989,1665,0.028450604564022708,native,10780
CXCL12,1201,1201,8,0.022266420131220006,native,10780
DOT1L,1484,1484,7828,0.12400816918965679,native,10780
DPH2,670,670,6843,0.13130898753278078,native,10780
EHMT1,1601,1601,6085,0.06844425129932163,native,10780
EIF3H,323,323,6680,0.1809255457551398,native,10780
FUBP1,288,288,4472,0.1152778292854732,native,10780
GNG12,677,677,2787,0.058463097558826185,native,10780
GSTZ1,1077,1077,5,0.021026418895632608,native,10780
HDAC3,504,504,5806,0.11702265319579673,native,10780
HDAC8,1204,1204,1280,0.03224617334634803,native,10780
HMGCR,843,843,1971,0.04576360215885175,native,10780
HMGXB4,1594,1594,597,0.02486319177780341,native,10780
HTATSF1,892,892,5635,0.08567106303487951,native,10780
IGF1R,2056,2056,3406,0.03703967419053071,native,10780
ITGAV,2034,2034,37,0.016854464554562985,native,10780
JAZF1,709,709,1212,0.041598571406500105,native,10780
JMJD8,767,767,25,0.026882760726618837,native,10780
KLHDC2,1763,1763,153,0.019766476734323093,native,10780
KRT18,1602,1602,11,0.017501651977591997,native,10780
MAT2A,1428,1428,41,0.019733130002037257,native,10780
MAX,161,161,6900,0.294570509646647,native,10780
MGST1,2096,2096,1245,0.02572631979082931,native,10780
MTFR1,1787,1787,21,0.017006620295994215,native,10780
NFE2L1,926,926,1255,0.037658709642820226,native,10780
PACSIN3,2101,2101,572,0.02085236228772578,native,10780
PAXIP1,1644,1644,7545,0.10576790327857585,native,10780
PPP2R3C,624,624,5372,0.09630369623015178,native,10780
SH3BP4,2925,2925,100,0.01630661683424145,native,10780
SLIRP,2000,2000,3555,0.03926801637814982,native,10780
SMARCB1,1706,1706,7246,0.09173785620539175,native,10780
SMARCE1,597,597,6375,0.12476106873589954,native,10780
STRAP,644,644,7402,0.15497810910396032,native,10780
SUPV3L1,339,339,4368,0.10966197105150827,native,10780
TCF7L2,484,484,979,0.04567059235591795,native,10780
THY1,1104,1104,58,0.022672697287210525,native,10780
TUSC3,1287,1287,8,0.019474670755625922,native,10780
UQCRB,959,959,3386,0.05383751873846,native,10780
USF2,1207,1207,8159,0.15598823071359308,native,10780
VCL,894,894,748,0.03387785360474359,native,10780
WAC,267,267,6121,0.17424355805938346,native,10780
ZNF581,2502,2502,576,0.018810299166032135,native,10780
ZNF598,255,255,859,0.06272313972084834,native,10780
