target_gene,n_cells,beta_l2,med_abs_beta,r2_k1,r2_k2,r2_k5,r2_k10,r2_k20,r2_k50,r2_k100,r2_k200,r2_rand20
ACLY,400,18.09334688939988,0.08419536799192429,0.0022286197710658685,0.002523392468587429,0.022961633213184313,0.05790399347119677,0.18697171843179705,0.22853948184592598,0.23331452450836815,0.24618168113047595,0.0017216576985269456
ANXA6,400,11.019617101313925,0.048972051590681076,1.4743741790075036e-05,2.9112905140113958e-05,0.0068426735308956274,0.009249572608760939,0.01450163723358337,0.016734754494283546,0.020658150308519616,0.029178020309958388,0.0014585857437769889
ARPC2,400,12.68042817364588,0.06265994906425476,0.022213776459996618,0.03129056547856007,0.05203255852508131,0.11084131645977076,0.23308407385373742,0.24907617823809966,0.2515272951609106,0.25793786850263156,0.0025858970894703584
CENPB,400,10.93040366890603,0.04960260167717934,0.0024360238145336487,0.0027201537960434645,0.010139715677096437,0.014215552492838287,0.016718150130654176,0.02128006969819268,0.025710938966746404,0.03463513096708358,0.001791292732808375
COX4I1,400,12.52856051153567,0.061576277017593384,0.00537276775320465,0.007466429278572919,0.01530155601857401,0.038648592348073225,0.052077291029991986,0.10252880450151539,0.1092353419857416,0.11836131615450293,0.0019281786640989217
COX6C,400,13.94217182771169,0.07015403360128403,0.00019863791840351916,0.0222978840441599,0.02948325282043714,0.052350199110459406,0.08202690562015078,0.15133097472674809,0.15796206343275382,0.1668436144926353,0.0014115242145086488
CSK,400,15.952253626116692,0.05996578559279442,0.011376745126020297,0.01154493661089123,0.015594642372949856,0.027191319615710856,0.04385292549112161,0.06567130676465893,0.06961407689068823,0.08333076246336772,0.0016948680421165765
CTSV,400,14.240297460985278,0.0564911887049675,0.0032645769184768032,0.0036618638710602456,0.01548820558687618,0.028429229834215565,0.03975290087396428,0.04930170349594742,0.053679684356138714,0.06275755677968678,0.0024033058903008835
CXCL12,400,11.192997609916901,0.04876057431101799,0.0001471470571486328,0.0035756382052130552,0.023085445258024133,0.025214492843027323,0.030536834913625556,0.03686853648645991,0.03950211919175545,0.04544665926847007,0.0024765612045074396
DOT1L,400,37.85973612085305,0.1318812072277069,0.004206415038874707,0.011825351756187702,0.015569096636780428,0.021690664611267407,0.08769108195633449,0.15271735881251725,0.16348046283444453,0.17677428287419555,0.0028580522921744203
DPH2,400,24.955953629986396,0.13729454576969147,0.0033524501610846936,0.02125145985147515,0.048702023966407514,0.07457380593532954,0.2231166090696847,0.26704972261229454,0.27958256651419955,0.29175831827462095,0.0025631678082426715
EHMT1,400,21.87180082633158,0.08654250204563141,3.026879099193967e-05,3.0875616275713876e-05,0.002555082536416582,0.05082546783134404,0.1968076409337578,0.2384579762933215,0.2471001722825311,0.2570967184662555,0.0024390140309850828
EIF3H,323,36.447137045701204,0.18177877366542816,0.00033515100236175777,0.003748192317832365,0.010603365821549719,0.05382449824952707,0.2026259253412131,0.24230164997856132,0.2536279651857225,0.26659301123063145,0.0017248927064003224
FUBP1,288,25.11957123214325,0.12344511598348618,0.0007025583111641094,0.0007894763275465998,0.0027126201353051553,0.013685738007060619,0.05285117932186756,0.10031526804458074,0.10754331247829044,0.12084901830466019,0.0016158142470967104
GNG12,400,14.799778106675651,0.0744921937584877,0.0025386380518057834,0.0030347976494427735,0.003222063457991616,0.017314906571598253,0.07293119963495959,0.09270009735572109,0.10139707201362631,0.11408775599416911,0.0025942943059965203
GSTZ1,400,11.234331876329787,0.04942870885133743,0.0070351506713716835,0.007976233744644517,0.012157295358203429,0.014593155182445349,0.017684644214566916,0.020815276444941477,0.0263601472710649,0.03325399158235165,0.002512912665009332
HDAC3,400,28.140486187886395,0.12293586879968643,0.00056095243080664,0.002984467471441181,0.017116065859859926,0.08892434537387674,0.16305485947732268,0.22631586533229292,0.23306057694471738,0.24216730860357835,0.00249256141055578
HDAC8,400,12.710477721017584,0.0570201501250267,0.009490425255601993,0.01177069018441123,0.020585130811551083,0.024480738353285635,0.03986306993931666,0.05491812471960521,0.061393296498311725,0.07094634129064249,0.0017864647897924489
HMGCR,400,15.970081490324874,0.06662514060735703,0.014088759991231582,0.03195338684645115,0.046935586317079434,0.07041524228229916,0.2423350077845439,0.2616677069790352,0.26730495758451134,0.27578775617455253,0.00178988006659445
HMGXB4,400,11.802134330529347,0.05248198285698891,0.004317941584322302,0.004415442350874741,0.014162571517507631,0.029806918476723645,0.03387213174097834,0.043256873858387335,0.047877663050825026,0.057728395928634324,0.002330480139253466
HTATSF1,400,19.002544031984243,0.1018657386302948,0.023023370184922506,0.023192405295757012,0.033973822949598796,0.07411216251186571,0.10857078976939283,0.1497749487509567,0.15712124007472353,0.16976893180564306,0.0021965477546491774
IGF1R,400,13.08565414805167,0.06252793222665787,0.005083990563659073,0.008561202087922899,0.04202657495347983,0.1131404532198944,0.1498976587446781,0.17721832284294067,0.18256722901967506,0.19078418098569472,0.001983449046557062
ITGAV,400,11.326910629953135,0.04975559934973717,0.002270790039767146,0.0022857238485551657,0.005087994414854933,0.010554796074295119,0.015042610725581239,0.019393242466250495,0.023893402771129172,0.03201717547174501,0.002903755889936927
JAZF1,400,15.675447370603324,0.061811525374650955,0.009047807778602927,0.009079284858747639,0.011049994976242096,0.024498494751104466,0.05300482588145682,0.06516456719332085,0.06994185667783795,0.0775056008069807,0.002321855522653081
JMJD8,400,12.13851144428376,0.051290303468704224,0.012392269501023219,0.014314932485534575,0.021789739285260474,0.02442423184353926,0.03501615810236239,0.04226239814811075,0.04764404610005425,0.05821282523193923,0.001915970867752569
KLHDC2,400,11.419434000877215,0.05065513402223587,0.0008268892357331781,0.001149028905851976,0.010573114331857186,0.017747000481621956,0.022935059024432367,0.027358977118510593,0.03141745168159313,0.03817004660125376,0.002829510255499512
KRT18,400,11.661125901893207,0.04865097999572754,0.000421060266305462,0.0013712335077892485,0.004256879023710048,0.005251774698579071,0.00893415923290566,0.013730471333943093,0.016984758082822966,0.02257034973771018,0.0015543614339963152
MAT2A,400,11.048414325433551,0.0486253947019577,5.4615431451384004e-05,0.0013909365658766025,0.006058126960280196,0.008321729676681192,0.014263643959552555,0.016454531109039675,0.020993049306277534,0.0284243480128848,0.002125719366424565
MAX,161,52.0811650590331,0.2894677519798279,0.060626370251587146,0.07103692953475306,0.10922854936902046,0.17147680965917222,0.3686830265487904,0.4059322679206271,0.41359465089063313,0.42382877298363864,0.0011344701005118185
MGST1,400,12.858635733990333,0.055144358426332474,0.0014660344405054975,0.0015055181954870321,0.004437833650008703,0.014221473296279132,0.024561331593395287,0.03516904803037426,0.03816863641699377,0.046389143479643534,0.0013851760830177653
MTFR1,400,11.054364159913517,0.04878155142068863,0.00010885410087500437,0.002458325094620588,0.0028858637534078927,0.005833885628852541,0.008614589706174049,0.011215730102704881,0.015274101270642073,0.024009055331246823,0.0013031943856609124
NFE2L1,400,11.826056880376088,0.05913582071661949,0.014432861258177061,0.016839755632432566,0.04564543692716379,0.06764848872597015,0.08593192376956478,0.12300048071163652,0.12807728819720918,0.13474799407085947,0.0017723752664589184
PACSIN3,400,11.599256004941182,0.0510740652680397,0.0005491090122599163,0.0019373872842148468,0.011877209446998676,0.03164023013945278,0.04944691772840339,0.05616882733932808,0.059263300671751847,0.06698951436099083,0.002138527377437413
PAXIP1,400,27.573140484389423,0.11951284110546112,0.028591566533369684,0.029270534992625476,0.03545283081880184,0.13424902355384336,0.19904657815952542,0.2546761920542667,0.2658361214592086,0.2736632650407068,0.0015778750706665074
PPP2R3C,400,25.601752030500766,0.1068040281534195,0.004609337228398322,0.013483293440158795,0.025894499039379123,0.044581236553542604,0.1709966269319505,0.3074004030957395,0.31740725855414453,0.329305045364101,0.0014946523603631028
SH3BP4,400,10.905352798764804,0.05028194934129715,0.012593855071057071,0.013319231480084986,0.01684810621182511,0.027915355665778782,0.041092199635064566,0.04543501771206411,0.04926041330737056,0.05917444521134673,0.00152164285352743
SLIRP,400,13.966708245287592,0.06393291801214218,0.007593715205633776,0.013343575891279422,0.01645778411328252,0.031299751983684655,0.059007245989099844,0.1288728960286257,0.1356064687855277,0.14696337534353388,0.0025159473710008526
SMARCB1,400,26.20120325019087,0.10578487068414688,0.004658735629574171,0.006053285021532467,0.030428243401786646,0.0691733456078799,0.15171027482501703,0.20746261935587348,0.21595647043573307,0.22473618082187008,0.0013275988700122319
SMARCE1,400,34.981278126105366,0.13041764497756958,0.010970269977944962,0.014148563958562585,0.018287652475687734,0.03047302913960413,0.13587632639221617,0.2025170016520579,0.2115641908941393,0.2230642038125319,0.0021703711981021037
STRAP,400,30.64853806859615,0.15946625173091888,0.02292969255095669,0.02989270488751484,0.042277606021560714,0.05527580599258091,0.2007157880783858,0.2550120272670034,0.26394945299002015,0.27529400527484355,0.0023226573063860174
SUPV3L1,339,24.12138062835477,0.11480365693569183,0.013530599819592877,0.015175588473602371,0.025612449494554795,0.04493105928710129,0.14815574417518815,0.3230541851819644,0.33031510509464973,0.3434092026514959,0.0017891569862705753
TCF7L2,400,13.856768753327852,0.06270718574523926,0.002059293326039431,0.0020676986936139746,0.0069434116272250246,0.025866243641510318,0.03826958983023101,0.0730296082510766,0.08244819931863533,0.09435798028699328,0.0014029167535027818
THY1,400,11.46998327624857,0.04991234466433525,9.334488264124379e-06,0.00010033833663869904,0.0012618058052412738,0.0024181463263820827,0.006337926020215844,0.01127800084377664,0.014018552393890013,0.02142734713434896,0.0022744444684062192
TUSC3,400,11.369535034657172,0.04875292629003525,0.0002306130738123802,0.0013449934877251021,0.0028872647278293893,0.005127505349344952,0.00928628020504514,0.012825091042445592,0.01648746272545038,0.02413632034062523,0.0017024194125624232
UQCRB,400,14.184745353104576,0.0699407309293747,0.008406236401608275,0.014638358237207065,0.027873650626233194,0.037738805106238275,0.07382827554685158,0.16087324937651207,0.1678538076861883,0.17857006081007398,0.000753072040331133
USF2,400,33.88397525817883,0.16733606159687042,0.07890097794571858,0.0942093822398338,0.11011038968978558,0.11738576811480177,0.3707960188954678,0.41937681211810623,0.4246342006691879,0.4349626758159914,0.0016829029381165985
VCL,400,12.295467776055991,0.05645560100674629,0.0024609754757593033,0.009997270034950819,0.012554141005483044,0.04698133528018187,0.1162693729361878,0.12852566444709917,0.13173927160828275,0.13943249176695632,0.0018029196747841765
WAC,267,32.22599904810458,0.17686915397644043,0.00552809505037605,0.00662260807062932,0.010552699583838523,0.06920993527487168,0.13556414534679045,0.2040977300657125,0.21668595353637343,0.22864736353682596,0.0024968324879532976
ZNF581,400,11.195763631437368,0.05206187814474106,0.0001805366570729841,0.00122754859367015,0.006939719952589396,0.013182650428784394,0.020877678822070606,0.024653451627330694,0.02800416662710305,0.03418644208409934,0.0020403525516189554
ZNF598,255,17.342227903367657,0.0790710374712944,0.000605554326193269,0.0023932894597653797,0.010263218259738388,0.015435605099710098,0.055875364152664565,0.09245353533764854,0.09983867440819802,0.10938686889083488,0.0020561802992013246
