target_gene,n_real,r_raw,h_raw,r_k5,h_k5,r_k10,h_k10,r_k20,h_k20,r_k50,h_k50,r_k100,h_k100,r_k200,h_k200,r_k400,h_k400
ACLY,1325,0.6793577671051025,0.33433962264150946,0.0763043463230133,0.13132075471698113,0.19874507188796997,0.19471698113207547,0.4207424819469452,0.26716981132075474,0.46821051836013794,0.2860377358490566,0.4730980098247528,0.29660377358490564,0.48065096139907837,0.2988679245283019,0.4899149537086487,0.30566037735849055
ARPC2,189,0.3900146484375,0.15343915343915343,0.2074262648820877,0.06349206349206349,0.29837411642074585,0.17989417989417988,0.4121381342411041,0.25925925925925924,0.4275808036327362,0.25396825396825395,0.4282906949520111,0.25925925925925924,0.4271746873855591,0.24867724867724866,0.4244820773601532,0.25396825396825395
COX4I1,128,0.34553462266921997,0.0859375,0.13509997725486755,0.0,0.1678827702999115,0.0546875,0.1957341581583023,0.0859375,0.2736971080303192,0.1640625,0.2725337743759155,0.1796875,0.27314209938049316,0.203125,0.2769753634929657,0.1640625
COX6C,458,0.4619519114494324,0.13537117903930132,0.1659221649169922,0.06986899563318777,0.20859146118164062,0.08296943231441048,0.2656688690185547,0.10262008733624454,0.37178173661231995,0.16812227074235808,0.3762596845626831,0.1703056768558952,0.37367820739746094,0.17248908296943233,0.3775371015071869,0.1572052401746725
CSK,150,0.6039383411407471,0.28,0.03266890347003937,0.03333333333333333,0.07938215136528015,0.03333333333333333,0.1431213617324829,0.06,0.19016976654529572,0.07333333333333333,0.19889399409294128,0.07333333333333333,0.20658960938453674,0.06666666666666667,0.23481102287769318,0.08666666666666667
CTSV,87,0.5159669518470764,0.28735632183908044,0.02083076722919941,0.0,0.1358984410762787,0.04597701149425287,0.14035451412200928,0.08045977011494253,0.14969418942928314,0.08045977011494253,0.15387386083602905,0.08045977011494253,0.15909287333488464,0.09195402298850575,0.1700313687324524,0.09195402298850575
DOT1L,3902,0.9289761781692505,0.6691440287032291,0.12326973676681519,0.38006150691952845,0.14677447080612183,0.39056893900563816,0.2857252359390259,0.4187596104561763,0.3820396959781647,0.4131214761660687,0.392300546169281,0.4079958995386981,0.41078972816467285,0.4105586878523834,0.43477270007133484,0.40850845720143514
EHMT1,1690,0.7812288999557495,0.45798816568047335,0.011375573463737965,0.17159763313609466,0.20649951696395874,0.2940828402366864,0.4317067563533783,0.3349112426035503,0.480025053024292,0.34911242603550297,0.4877975881099701,0.36153846153846153,0.49262744188308716,0.3603550295857988,0.5012848377227783,0.3591715976331361
HDAC8,64,0.3511325418949127,0.140625,0.05521591007709503,0.0,0.08333577960729599,0.0,0.1319095939397812,0.015625,0.16801579296588898,0.09375,0.17220738530158997,0.09375,0.17703820765018463,0.109375,0.184153214097023,0.125
HMGCR,318,0.5563062429428101,0.34591194968553457,0.13496793806552887,0.03773584905660377,0.17682373523712158,0.05660377358490566,0.4460616111755371,0.3805031446540881,0.4673728346824646,0.41509433962264153,0.469147264957428,0.4119496855345912,0.4708256721496582,0.4088050314465409,0.4704257845878601,0.39937106918238996
HMGXB4,5,0.2633897364139557,0.2,0.08513948321342468,0.0,0.1293342113494873,0.0,0.14588850736618042,0.0,0.15614831447601318,0.2,0.15635956823825836,0.2,0.1578674614429474,0.2,0.1558220386505127,0.2
HTATSF1,1813,0.6834582090377808,0.3800330943188086,0.17564475536346436,0.17264202978488694,0.2533077597618103,0.1825703254274683,0.3014231026172638,0.21290678433535576,0.3645361363887787,0.23000551571980143,0.37139588594436646,0.23552123552123552,0.37677884101867676,0.23110865968008826,0.3922596275806427,0.2338665195808053
IGF1R,285,0.4097971022129059,0.14385964912280702,0.18658743798732758,0.04912280701754386,0.3032362759113312,0.12631578947368421,0.3657430410385132,0.15789473684210525,0.39031028747558594,0.16842105263157894,0.39184343814849854,0.16842105263157894,0.39142319560050964,0.1824561403508772,0.3866312801837921,0.17543859649122806
KLHDC2,8,0.23057398200035095,0.125,0.029405152425169945,0.0,0.1254914104938507,0.0,0.1240081861615181,0.0,0.13236546516418457,0.0,0.13418877124786377,0.0,0.12530526518821716,0.0,0.11298301815986633,0.0
MAT2A,7,0.19170589745044708,0.14285714285714285,-0.03619097173213959,0.0,-0.009927721694111824,0.0,0.0110674062743783,0.0,0.012600488029420376,0.0,0.013303703628480434,0.0,0.009755084291100502,0.0,0.015160849317908287,0.0
MGST1,69,0.40407514572143555,0.18840579710144928,0.05458466336131096,0.014492753623188406,0.08044108748435974,0.028985507246376812,0.10451575368642807,0.014492753623188406,0.1253771036863327,0.028985507246376812,0.12402617931365967,0.014492753623188406,0.12456849217414856,0.014492753623188406,0.12340068817138672,0.043478260869565216
NFE2L1,94,0.2862369418144226,0.1276595744680851,0.14614266157150269,0.02127659574468085,0.19967815279960632,0.02127659574468085,0.24025174975395203,0.07446808510638298,0.29542845487594604,0.18085106382978725,0.2971731424331665,0.18085106382978725,0.2948179244995117,0.18085106382978725,0.290402889251709,0.18085106382978725
PACSIN3,11,0.2471269965171814,0.09090909090909091,0.04924728721380234,0.0,0.08780713379383087,0.0,0.15225282311439514,0.0,0.17247146368026733,0.0,0.1704142838716507,0.0,0.164048433303833,0.0,0.16277877986431122,0.0
PAXIP1,3305,0.8645962476730347,0.5757942511346444,0.182044118642807,0.335249621785174,0.3594070374965668,0.4317700453857791,0.43687719106674194,0.45052950075642967,0.4968237280845642,0.4659606656580938,0.5077863931655884,0.4556732223903177,0.5174545049667358,0.4586989409984871,0.5356390476226807,0.4568835098335855
SH3BP4,5,0.15627771615982056,0.4,0.1065252274274826,0.0,0.11350668966770172,0.0,0.12386254221200943,0.0,0.1304563283920288,0.0,0.12464503943920135,0.0,0.11933846771717072,0.2,0.11476991325616837,0.2
SLIRP,251,0.4664977788925171,0.17131474103585656,0.08273953199386597,0.02390438247011952,0.11282248795032501,0.03187250996015936,0.18748924136161804,0.0796812749003984,0.3243269920349121,0.2350597609561753,0.32918471097946167,0.250996015936255,0.3317708969116211,0.24302788844621515,0.3352575898170471,0.24302788844621515
SMARCB1,2892,0.8528622984886169,0.5746887966804979,0.19537287950515747,0.3153526970954357,0.27041614055633545,0.36721991701244816,0.38586533069610596,0.39730290456431533,0.45674434304237366,0.3983402489626556,0.46305137872695923,0.4017980636237898,0.47476017475128174,0.39903181189488246,0.494906485080719,0.40836791147994467
THY1,7,0.22046250104904175,0.42857142857142855,0.057127904146909714,0.0,0.022993844002485275,0.0,0.04581151902675629,0.0,0.05421444773674011,0.0,0.053476158529520035,0.0,0.05962250754237175,0.0,0.067430779337883,0.0
UQCRB,553,0.5167158842086792,0.1717902350813743,0.15074867010116577,0.08860759493670886,0.18640011548995972,0.0867992766726944,0.2640535831451416,0.09403254972875226,0.39543861150741577,0.16998191681735986,0.4013547897338867,0.18264014466546113,0.4049711227416992,0.18083182640144665,0.4117899239063263,0.19349005424954793
USF2,4600,0.9016095995903015,0.681304347826087,0.2885097861289978,0.4915217391304348,0.29766014218330383,0.48543478260869566,0.5720670223236084,0.56,0.6138231158256531,0.5671739130434783,0.6181727647781372,0.5684782608695652,0.6255496740341187,0.5695652173913044,0.6367791891098022,0.5695652173913044
VCL,79,0.30700045824050903,0.0759493670886076,0.03683872148394585,0.0,0.1957131326198578,0.02531645569620253,0.3100278377532959,0.13924050632911392,0.3253917098045349,0.17721518987341772,0.3207860291004181,0.17721518987341772,0.3132578730583191,0.17721518987341772,0.30187883973121643,0.189873417721519
ZNF581,19,0.1375187337398529,0.3684210526315789,-0.06460913270711899,0.0,-0.023399796336889267,0.0,0.012716500088572502,0.0,0.03081139177083969,0.0,0.036607831716537476,0.0,0.04519234597682953,0.0,0.0406307652592659,0.05263157894736842
