target_gene,n_real,n_src,n_cd4,k_opt,K_S3_bin1src,jac_S3_bin1src,K_S4_bin2src,jac_S4_bin2src,K_S2_regress,jac_S2_regress,K_S1_all,jac_S1_all,K_S5_oracle,jac_S5_oracle
COX6C,280,156,267.0,160,6025,0.04404702765358503,6025,0.04404702765358503,3135,0.05303731113166821,7016,0.039908779931584946,160,0.07579462102689487
DPH2,2780,470,54.0,6295,6025,0.40744884910485935,6025,0.40744884910485935,2306,0.2885736002026856,7016,0.3962371721778791,6295,0.4137716155164356
ITGAV,2,0,2.0,794,3,0.0,1,0.0,17,0.0,7016,0.00028506271379703536,794,0.0025188916876574307
JAZF1,115,61,2.0,73,6025,0.017229953611663355,6025,0.017229953611663355,154,0.0846774193548387,7016,0.016391106043329533,73,0.10588235294117647
JMJD8,6,0,5.0,2,3,0.125,1,0.0,26,0.03225806451612903,7016,0.0008551881413911061,2,0.14285714285714285
MAT2A,6,82,,2,6025,0.000829737802854298,6025,0.000829737802854298,427,0.004640371229698376,7016,0.0008551881413911061,2,0.14285714285714285
MGST1,41,5,0.0,3,1,0.024390243902439025,1,0.024390243902439025,24,0.031746031746031744,7016,0.005843785632839224,3,0.047619047619047616
PACSIN3,3,0,21.0,5,3,0.0,1,0.0,53,0.01818181818181818,7016,0.00042759407069555304,5,0.14285714285714285
PAXIP1,1969,38,1071.0,6316,6025,0.28335206293144966,6025,0.28335206293144966,3265,0.2376448332939229,7016,0.2806442417331813,6316,0.2864906832298137
TUSC3,1,1,,1,1,1.0,1,1.0,59,0.01694915254237288,7016,0.00014253135689851768,1,1.0
ACLY,666,8,13.0,2988,6025,0.09832567301378857,6025,0.09832567301378857,86,0.021739130434782608,7016,0.09492588369441277,2988,0.10159782936388302
ANXA6,1,0,1.0,3,5,0.2,1,0.0,9,0.1111111111111111,7016,0.00014253135689851768,3,0.3333333333333333
COX4I1,126,12,429.0,91,6025,0.01955909166252279,6025,0.01955909166252279,965,0.02537593984962406,7016,0.01795895096921323,91,0.03827751196172249
CTSV,33,11,,7,6025,0.005310321938267508,6025,0.005310321938267508,97,0.04838709677419355,7016,0.004703534777651083,7,0.1111111111111111
DOT1L,2255,2,123.0,6630,1,0.0004434589800443459,6025,0.3170033402258629,228,0.035878181059657906,7016,0.32140820980615736,6630,0.32177923237131806
GNG12,446,5,,4829,1,0.0,6025,0.0688800792864222,72,0.007782101167315175,7016,0.06356898517673888,4829,0.07019679448163928
HMGXB4,1,2,11.0,1,1,1.0,1,1.0,49,0.02040816326530612,7016,0.00014253135689851768,1,1.0
STRAP,3027,828,1700.0,6326,6025,0.4318253717178108,6025,0.4318253717178108,7016,0.431442417331813,7016,0.431442417331813,6326,0.4418066903036843
SUPV3L1,1765,267,9.0,5943,6025,0.2650211107502436,6025,0.2650211107502436,292,0.06469979296066253,7016,0.2515678449258837,5943,0.266721446179129
WAC,2739,145,1165.0,6314,6025,0.3991060025542784,6025,0.3991060025542784,5218,0.3730802415875755,7016,0.3903933865450399,6314,0.4053089102763117
CSK,103,1,548.0,108,1,0.009708737864077669,6025,0.015915119363395226,434,0.02091254752851711,7016,0.01468072976054732,108,0.02926829268292683
EHMT1,916,65,469.0,5226,6025,0.13266971279373369,6025,0.13266971279373369,2060,0.1146067415730337,7016,0.1305587229190422,5226,0.13383791766660513
HDAC8,39,0,11.0,29,3,0.0,1,0.0,38,0.02666666666666667,7016,0.005558722919042189,29,0.030303030303030304
KRT18,4,9,0.0,2,6025,0.0006639004149377593,1,0.25,28,0.06666666666666667,7016,0.0005701254275940707,2,0.5
SLIRP,173,10,2.0,30,6025,0.027690266954070637,1,0.005780346820809248,54,0.04608294930875576,7016,0.024657924743443558,30,0.05181347150259067
SMARCB1,1549,171,2130.0,6276,6025,0.22457558609539208,6025,0.22457558609539208,7016,0.22078107183580387,7016,0.22078107183580387,6276,0.22745098039215686
VCL,19,1,2.0,1,1,0.05263157894736842,1,0.05263157894736842,24,0.023809523809523808,7016,0.002708095781071836,1,0.05263157894736842
ZNF581,9,1,6.0,1,1,0.1111111111111111,1,0.1111111111111111,39,0.02127659574468085,7016,0.001282782212086659,1,0.1111111111111111
ZNF598,209,1,,2443,1,0.004784688995215311,1,0.004784688995215311,57,0.019157088122605363,7016,0.029789053591790193,2443,0.032308291163877
ARPC2,133,9,216.0,237,6025,0.020043067748881895,6025,0.020043067748881895,465,0.036395147313691506,7016,0.01895667046750285,237,0.04519774011299435
EIF3H,3259,2482,878.0,6312,6025,0.47178186429930247,6025,0.47178186429930247,7016,0.4645096921322691,7016,0.4645096921322691,6312,0.47791846819024086
GSTZ1,1,1,1.0,10,1,0.0,1,0.0,9,0.0,7016,0.00014253135689851768,10,0.1
HMGCR,239,41,,103,6025,0.03708609271523179,6025,0.03708609271523179,215,0.11274509803921569,7016,0.034064994298745724,103,0.14
IGF1R,113,0,1.0,4702,3,0.008695652173913044,1,0.008849557522123894,6,0.00847457627118644,7016,0.016106043329532495,4702,0.017970401691331923
KLHDC2,3,1,1.0,1,1,0.3333333333333333,1,0.3333333333333333,9,0.09090909090909091,7016,0.00042759407069555304,1,0.3333333333333333
NFE2L1,78,2,65.0,574,1,0.0,6025,0.011938318686784945,104,0.0055248618784530384,7016,0.011117445838084378,574,0.013996889580093312
UQCRB,393,269,360.0,813,6025,0.060826446280991736,6025,0.060826446280991736,5160,0.061150391744697115,7016,0.056014823261117445,813,0.08064516129032258
USF2,3086,8,44.0,6433,1,0.0003240440699935191,6025,0.4336742722265932,165,0.02522863450015768,7016,0.43985176738882553,6433,0.4468764249886001
CENPB,1,1,1.0,1,1,1.0,3,0.3333333333333333,11,0.09090909090909091,7016,0.00014253135689851768,1,1.0
FUBP1,1679,6,553.0,6110,1,0.0005955926146515784,6025,0.2510555375121793,802,0.10070984915705412,7016,0.23931014823261118,6110,0.2512449799196787
HDAC3,2195,12,944.0,6315,6025,0.31583159916760045,6025,0.31583159916760045,1448,0.16688020499679693,7016,0.3128563283922463,6315,0.3216337940674018
HTATSF1,1313,25,2.0,6306,6025,0.19862789937928782,1,0.0,37,0.006711409395973154,7016,0.1871436716077537,6306,0.19965359785860495
MAX,3583,976,90.0,6309,6025,0.5140245824141191,6025,0.5140245824141191,1420,0.19976019184652277,7016,0.5106898517673888,6309,0.5225488687086347
MTFR1,4,1,5.0,1,1,0.25,3,0.16666666666666666,23,0.08,7016,0.0005701254275940707,1,0.25
PPP2R3C,1610,12,5.0,6283,6025,0.23523701666397023,1,0.0006211180124223603,46,0.011606597434331093,7016,0.22947548460661346,6283,0.23889499293674463
SMARCE1,2411,55,2380.0,6602,6025,0.3365019011406844,6025,0.3365019011406844,4639,0.3116279069767442,7016,0.34364310148232613,6602,0.3452238805970149
TCF7L2,127,1,0.0,88,1,0.0,3,0.0,7,0.0,7016,0.018101482326111744,88,0.03365384615384615
