target_gene,n_real,h_base,h_w_icc_mul,h_w_icc_gate50,h_w_icc_gate75,h_w_sign_mul,h_w_sign_gate50,h_w_sign_gate75,h_w_corr_mul,h_w_corr_gate50,h_w_corr_gate75
ACLY,666,0.13363363363363365,0.14414414414414414,0.14264264264264265,0.13813813813813813,0.14114114114114115,0.15165165165165165,0.14264264264264265,0.15465465465465467,0.14864864864864866,0.15915915915915915
ANXA6,1,0.0,0.0,0.0,1.0,0.0,0.0,0.0,0.0,0.0,1.0
ARPC2,133,0.06766917293233082,0.07518796992481203,0.08270676691729323,0.06766917293233082,0.07518796992481203,0.07518796992481203,0.08270676691729323,0.07518796992481203,0.06766917293233082,0.07518796992481203
CENPB,1,1.0,0.0,0.0,0.0,0.0,0.0,0.0,0.0,0.0,0.0
COX4I1,126,0.06349206349206349,0.07142857142857142,0.07142857142857142,0.07936507936507936,0.07142857142857142,0.06349206349206349,0.07142857142857142,0.07936507936507936,0.06349206349206349,0.07936507936507936
COX6C,280,0.12142857142857143,0.16428571428571428,0.1392857142857143,0.15,0.12857142857142856,0.13214285714285715,0.13214285714285715,0.16785714285714284,0.1392857142857143,0.14285714285714285
CSK,103,0.038834951456310676,0.05825242718446602,0.04854368932038835,0.04854368932038835,0.04854368932038835,0.05825242718446602,0.019417475728155338,0.038834951456310676,0.04854368932038835,0.04854368932038835
CTSV,33,0.12121212121212122,0.12121212121212122,0.12121212121212122,0.030303030303030304,0.12121212121212122,0.12121212121212122,0.030303030303030304,0.030303030303030304,0.09090909090909091,0.0
DOT1L,2255,0.35609756097560974,0.3552106430155211,0.3552106430155211,0.34057649667405765,0.36097560975609755,0.3645232815964523,0.3596452328159645,0.3694013303769401,0.3711751662971175,0.3623059866962306
DPH2,2780,0.48345323741007196,0.48884892086330933,0.47985611510791365,0.4438848920863309,0.4870503597122302,0.47733812949640286,0.43237410071942445,0.5014388489208633,0.49244604316546764,0.44928057553956835
EHMT1,916,0.17467248908296942,0.18231441048034935,0.18340611353711792,0.12663755458515283,0.1779475982532751,0.1779475982532751,0.14192139737991266,0.1648471615720524,0.18995633187772926,0.13209606986899564
EIF3H,3259,0.5428045412703283,0.5464866523473458,0.5243939858852409,0.4897207732433262,0.54525928198834,0.5283829395520098,0.4866523473458116,0.5510892911936177,0.5317582080392759,0.48910708806382325
FUBP1,1679,0.27635497319833235,0.2823108993448481,0.27695056581298394,0.27754615842763547,0.2823108993448481,0.28945801072066707,0.27635497319833235,0.29779630732578916,0.29064919594997024,0.2930315664085765
GNG12,446,0.07399103139013453,0.10538116591928251,0.08520179372197309,0.11883408071748879,0.07623318385650224,0.07399103139013453,0.11659192825112108,0.12556053811659193,0.07847533632286996,0.12331838565022421
GSTZ1,1,0.0,0.0,0.0,0.0,0.0,0.0,0.0,0.0,0.0,0.0
HDAC3,2195,0.3412300683371298,0.3562642369020501,0.38724373576309795,0.35125284738041,0.3489749430523918,0.37585421412300685,0.35170842824601367,0.371753986332574,0.3835990888382688,0.35990888382687924
HDAC8,39,0.05128205128205128,0.0,0.0,0.0,0.02564102564102564,0.02564102564102564,0.02564102564102564,0.0,0.02564102564102564,0.02564102564102564
HMGCR,239,0.19665271966527198,0.20920502092050208,0.200836820083682,0.12133891213389121,0.200836820083682,0.20502092050209206,0.12133891213389121,0.16736401673640167,0.20920502092050208,0.1297071129707113
HMGXB4,1,1.0,1.0,0.0,0.0,0.0,1.0,0.0,0.0,1.0,0.0
HTATSF1,1313,0.2079207920792079,0.23000761614623,0.2338156892612338,0.28103579588728106,0.21782178217821782,0.23000761614623,0.26961157654226964,0.26047220106626046,0.23686214775323686,0.2916984006092917
IGF1R,113,0.017699115044247787,0.008849557522123894,0.017699115044247787,0.0,0.008849557522123894,0.017699115044247787,0.0,0.035398230088495575,0.017699115044247787,0.0
ITGAV,2,0.0,0.0,0.0,0.0,0.0,0.0,0.0,0.0,0.0,0.0
JAZF1,115,0.1826086956521739,0.14782608695652175,0.12173913043478261,0.043478260869565216,0.1826086956521739,0.13043478260869565,0.0782608695652174,0.10434782608695652,0.12173913043478261,0.06086956521739131
JMJD8,6,0.16666666666666666,0.16666666666666666,0.16666666666666666,0.0,0.16666666666666666,0.16666666666666666,0.0,0.0,0.16666666666666666,0.0
KLHDC2,3,0.3333333333333333,0.3333333333333333,0.3333333333333333,0.3333333333333333,0.3333333333333333,0.3333333333333333,0.3333333333333333,0.3333333333333333,0.3333333333333333,0.3333333333333333
KRT18,4,0.5,0.5,0.5,0.0,0.25,0.5,0.0,0.25,0.5,0.0
MAT2A,6,0.16666666666666666,0.16666666666666666,0.16666666666666666,0.16666666666666666,0.16666666666666666,0.16666666666666666,0.16666666666666666,0.16666666666666666,0.16666666666666666,0.16666666666666666
MAX,3583,0.5500976835054424,0.5540050237231371,0.564052469997209,0.536421992743511,0.5551214066424783,0.592520234440413,0.5475858219369244,0.569913480323751,0.5922411387105777,0.5559586938319844
MGST1,41,0.04878048780487805,0.04878048780487805,0.04878048780487805,0.0,0.04878048780487805,0.04878048780487805,0.0,0.024390243902439025,0.04878048780487805,0.0
MTFR1,4,0.25,0.25,0.0,0.0,0.25,0.0,0.0,0.0,0.0,0.0
NFE2L1,78,0.01282051282051282,0.02564102564102564,0.01282051282051282,0.01282051282051282,0.038461538461538464,0.0,0.01282051282051282,0.038461538461538464,0.01282051282051282,0.01282051282051282
PACSIN3,3,0.0,0.0,0.3333333333333333,0.3333333333333333,0.0,0.0,0.0,0.0,0.0,0.3333333333333333
PAXIP1,1969,0.31183341797866937,0.31843575418994413,0.32046724225495177,0.31183341797866937,0.3148806500761808,0.3148806500761808,0.313864906043677,0.3331640426612494,0.3255459624174708,0.32046724225495177
PPP2R3C,1610,0.2565217391304348,0.26583850931677017,0.2645962732919255,0.27701863354037265,0.2683229813664596,0.2850931677018634,0.3031055900621118,0.2937888198757764,0.28695652173913044,0.3
SLIRP,173,0.06936416184971098,0.08670520231213873,0.07514450867052024,0.08092485549132948,0.08670520231213873,0.06936416184971098,0.09248554913294797,0.10982658959537572,0.07514450867052024,0.08670520231213873
SMARCB1,1549,0.26662362814719176,0.2737249838605552,0.276307295029051,0.25564880568108456,0.26662362814719176,0.2750161394448031,0.2537120723047127,0.28469980632666236,0.2879276952872821,0.27049709489993545
SMARCE1,2411,0.3757776856076317,0.37743674823724593,0.3907092492741601,0.3629199502281211,0.3770219825798424,0.3844877644131066,0.3616756532559104,0.3907092492741601,0.40149315636665284,0.3720447946909996
STRAP,3027,0.489593657086224,0.49388833828873474,0.47770069375619423,0.4651470102411629,0.49388833828873474,0.48166501486620417,0.4628344895936571,0.49917409976874794,0.49454905847373637,0.47241493227618103
SUPV3L1,1765,0.3189801699716714,0.3263456090651558,0.3263456090651558,0.32294617563739375,0.3274787535410765,0.3376770538243626,0.33994334277620397,0.35070821529745044,0.3388101983002833,0.345042492917847
TCF7L2,127,0.05511811023622047,0.031496062992125984,0.031496062992125984,0.0,0.047244094488188976,0.031496062992125984,0.0,0.0,0.023622047244094488,0.0
TUSC3,1,1.0,1.0,1.0,0.0,1.0,1.0,0.0,0.0,1.0,0.0
UQCRB,393,0.13231552162849872,0.1628498727735369,0.15267175572519084,0.14249363867684478,0.15012722646310434,0.14249363867684478,0.1475826972010178,0.16030534351145037,0.15012722646310434,0.15267175572519084
USF2,3086,0.4475048606610499,0.4533376539209332,0.49189889825016203,0.4782890473104342,0.4607906675307842,0.5142579390797148,0.5129617627997408,0.4847699287103046,0.5123136746597537,0.49416720674011666
VCL,19,0.05263157894736842,0.05263157894736842,0.05263157894736842,0.0,0.05263157894736842,0.05263157894736842,0.0,0.05263157894736842,0.05263157894736842,0.0
WAC,2739,0.425337714494341,0.4362906170135086,0.457101131799927,0.425337714494341,0.4293537787513691,0.447973713033954,0.41621029572836804,0.45308506754289884,0.4600219058050383,0.4275282949981745
ZNF581,9,0.1111111111111111,0.1111111111111111,0.1111111111111111,0.1111111111111111,0.1111111111111111,0.1111111111111111,0.0,0.0,0.1111111111111111,0.0
ZNF598,209,0.04784688995215311,0.05741626794258373,0.03349282296650718,0.05263157894736842,0.05741626794258373,0.028708133971291867,0.04784688995215311,0.09090909090909091,0.03827751196172249,0.05263157894736842
